<?xml version="1.0" encoding="UTF-8"?>
<entries>
  <entry term="DANCE. 춤추다" part="동사.">
    <definition>
      참기 어려운 웃음소리와도 흡사한 음악에 맞추어, 기껏해야 이웃집 아내나 아가씨의 허리에 팔을 감고 뛰돌디. 댄스에는 여러 종류가 있는데, 남녀 양성의 참가를 필요로 하는 모든 춤에는 두 가지의 공통된 특징이 있다. 즉 춤자체는 순진무구하나, 그 춤을 애호하는 사람은 부도덕 하다는 점이다.
    </definition>
  </entry>
  <entry term="DAY. 하루" part="n.">
    <definition>
      그 대부분이 낭비로 끝나기 일쑤인 스믈네 시간으로 이루어진 한 기간. 이 기간은 두 부분으로 나뉜다. 즉 진정한 날(낮)과 진정하지 않는 날(밤)이다. <![CDATA[&mdash;]]> 전자는 갖가지 죄를 위해서 소비되며, 후자는또 다른 종류의 죄를 범하는 데에 바쳐진다.
    </definition>
  </entry>
  <entry term="DICTIONARY. 사전" part="명사.">
    <definition>
      하나의 언어가 자유롭게 성장해 가는 것을 방해하여 탄력 없이 고정된 것으로 만들고자 악의에 찬 문인이 생각해 낸 것.
    </definition>
    <quote author="악의에 찬 문인">
      <line>그러나 존 세이탄 박사가 쓴 사전은 지금까지</line>
      <line>나와 있는 것 중에서 가장 유용한 저작이다.,</line>
      <line>이는 사전의 완성일까지 알려진 삼라만상의 개설이며,</line>
      <line>못을 박거나 빨간 유모차를 수리하거나 때로는</line>
      <line>이혼할 때도 쓸모가 있다. 확실히 이 사전은,</line>
      <line>가려운데를 긁어 주며 생쥐들을 구멍에서 불러내어</line>
      <line>죽게 만단다. 벌레에게는 살충제가 되며 또한</line>
      <line>아이들은 울면서도 이것을 찾는다.</line>
    </quote>
  </entry>
  <entry term="DEFAME. 중상하다" part="동사.">
    <definition>
      남에 대해 거짓말을 하다.남에 대한 진실을 말하다.
    </definition>
  </entry>
  <entry term="DENTIST. 치과의사" part="명사.">
    <definition>
      입 속에다 금속을 넣으면서 호주머니에서 몇 푼의 돈을 꺼내는 마술사.
    </definition>
  </entry>
  <entry term="DICE. 주사위" part="n.">
    <definition>
      변호사처럼 어느 쪽으로 굴러도 좋도록 생겼지만 대게는 당사자에게 불리한 쪽으로 구른다.
    </definition>
  </entry>
  <entry term="DIEASE. 질병" part="명사.">
    <definition>
      조물주가 기부한 의과대학의 기금. 장의사의 생계를 유지시키기 위하여 공급되는것.
    </definition>
    <quote>
      <line>무덤의 구더기들이 터널을 파고 살기에 적당한 만큼</line>
      <line>너무 건조하지도 않고 굳지도 않은 고기를 제공하는 수단.</line>
    </quote>
  </entry>
  <entry term="DINE. 들다" part="동사.">
    <definition>
      훌륭한 식사를 훌륭한 사람들과 함께 들되. 천천히 먹는것.
    </definition>
  </entry>
  <entry term="DULLARD. 멍청이" part="n.">
    <definition>
      문필 세계와 인생에 군림하는 왕조의 일원. 멍청이족은 아담과 함께 이세상에 출현 했다.
    </definition>
    <quote author="무명씨">
      <line>그 수도 많고 생활력도 강해 인간이 살 수 있는</line>
      <line>곳이라면 어디서든지 번창하게 되었다.</line>
      <line>그들이 지닌 활력의 비밀은 어떠한 타격에도 무감각하다는데 있다.,</line>
    </quote>
  </entry>
</entries>